<?xml version="1.0" encoding="UTF-8" standalone="yes"?>
<addon id="plugin.video.xstream" name="xStream" version="3.5.7" provider-name="xStream-Team">
 <requires>
   <import addon="xbmc.python"                 version="2.14.0"/>
   <import addon="repository.xstream"          version="1.1.1" />
   <import addon="script.module.urlresolver"   version="3.0.0"/>
   <import addon="script.module.metahandler"   version="1.0.0"/>
   <import addon="script.module.inputstreamhelper" version="0.3.3" optional="true"/>
 </requires>
 <extension point="xbmc.python.pluginsource" library="default.py">
   <provides>video</provides>
 </extension>
 <extension point="xbmc.addon.metadata">
   <summary lang="de">Watch xStream!</summary>
   <description lang="de">Mit diesem Addon kannst du auf alle angebotenen Streams verschiedenster deutschen Quellen zugreifen</description>
   <disclaimer lang="de">Die von diesem Addon dargestellten Inhalte werden von den Erstellern des Addons weder gehostet oder verbreitet, noch stehen die Ersteller in irgendeiner Beziehung zu den Content-Anbietern.</disclaimer>
   <source>https://github.com/lastship/plugin.video.xstream</source>
   <license>GNU GPLv3</license>
   <platform>all</platform>
   <news>
   xStream 3.5.7
- [filmpalast] fix hoster
- [kinoger] fix hoster
- [topstreamfilm] add site
- [kinox] add support Thumbnails and code cleanup
- [moviedream] add verystream support
- [filmpalast] add verystream support
- [watchbox.de] remove
- [cinenator] add site
- [kinox.one] add site
- [Cinemaxx] fix search
- fix blazingfast tnx TH3MA5K
- [hdfilme] fix
- [moviedream] fix Search
- [movietown] fix
- [Kinoger] fix Hoster
- [Movies.GG] add site
- [MovieDream] Fix Genre
- [kinostern.com] remove offline site
- [movies.gg] remove offline site
- [tmovie.to] remove offline site
- [cinematrix.to] remove offline site
- fix cloudflare
- [hdfilme] fix hoster
   </news>
   <assets>
     <icon>icon.png</icon>
     <fanart>fanart.jpg</fanart>
     <screenshot>resources/art/screenshot-01.jpg</screenshot>
     <screenshot>resources/art/screenshot-02.jpg</screenshot>
   </assets>
 </extension>
</addon>
