<?xml version="1.0" encoding="UTF-8" standalone="yes"?>
<addon id="repository.goodfellas.common" name="GoodFellas Common Libraries" version="1.0.0" provider-name="GoodFellas">
	<extension point="xbmc.addon.repository" name="GoodFellas Common Libraries">
		<info compressed="false">https://raw.githubusercontent.com/goodfellasteam/common/master/addons.xml</info>
		<checksum>https://raw.githubusercontent.com/goodfellasteam/common/master/addons.xml.md5</checksum>
		<datadir zip="true">https://raw.githubusercontent.com/goodfellasteam/common/master/</datadir>
	</extension>
	<extension point="xbmc.addon.metadata">
		<summary>GoodFellas Common Kodi Libraries and Dependencies</summary>
		<description>The Best Third party Group The Goddfellas</description>
		<platform>all</platform>
	</extension>
</addon>

