﻿<?xml version="1.0" encoding="UTF-8" standalone="yes"?>
<addon id="plugin.program.reboot" name="Reboot System" version="0.0.3" provider-name="Based_Skid">
  <requires>
    <import addon="xbmc.python" version="2.1.0"/>
	<import addon="service.cronxbmc"/>
  </requires>
  <extension point="xbmc.python.pluginsource" library="default.py">
        <provides>executable</provides>
  </extension>
  <extension point="xbmc.addon.metadata">
    <summary lang="en">Reboot Your Device</summary>
    <description lang="en">Issue a System Reboot to your unit if no media is playing. Particularly For Use With the Cron Service.</description>
    <platform>all</platform>
  </extension>
</addon>
