<?xml version="1.0.1" encoding="UTF-8" standalone="yes"?>
<addon id="repository.metalkettle" name="MetalKettles Addon Repository" version="666" provider-name="MetalKettle STOPPED">
    <extension point="xbmc.addon.repository" name="MetalKettles Addon Repository">
    </extension>
    <extension point="xbmc.addon.metadata">
        <summary>MetalKettle STOPPED, uninstall (t)his repo...</summary>
        <description>MetalKettle STOPPED (info: http://koditips.com/uninstall-metalkettle-repository/)</description>
        <disclaimer>MetalKettle STOPPED, see: http://koditips.com/uninstall-metalkettle-repository/ for more info, please uninstall (t)his repo.</disclaimer>
        <platform>all</platform>
        <license>GNU GENERAL PUBLIC LICENSE. Version 3, June 2007</license>
        <forum>http://koditips.com/uninstall-metalkettle-repository/</forum>
        <website>http://koditips.com/uninstall-metalkettle-repository/</website>
        <source>http://koditips.com/uninstall-metalkettle-repository/</source>
        <news>MetalKettle ABANDONED (t)his repo</news>
        <assets>
            <icon>icon.png</icon>
            <fanart>fanart.jpg</fanart>
            <screenshot></screenshot>
        </assets>
        <broken>MetalKettle STOPPED! (t)his repo is ABANDONED!</broken>
    </extension>
</addon>

