<?xml version="1.0" encoding="UTF-8" standalone="yes"?>
<addons>
<addon id="script.module.streamlink.base" name="Streamlink Library" version="2019.03.17" provider-name="Streamlink Devs, Twilight0">
  <requires>
    <import addon="xbmc.python" version="2.24.0"/>
    <import addon="script.module.requests" version="2.12.4"/>
    <import addon="script.module.futures" version="2.2.0"/>
    <import addon="script.module.streamlink.crypto" version="1.5.0"/>
  </requires>
  <extension point="xbmc.python.module" library="resources/lib/"/>
  <extension point="xbmc.addon.metadata">
    <summary>Streamlink Library</summary>
    <description>Streamlink Library for Kodi</description>
    <platform>all</platform>
    <license>Simplified BSD</license>
    <source>https://github.com/Twilight0/script.module.streamlink.base/</source>
    <language>en</language>
    <assets>
        <icon>icon.png</icon>
    </assets>
    <news>+ 2019.03.17
- Fixed icon
- Updated changelog.txt
- Moved and updated six module into utils directory

+ 2019.03.16
- Updated to latest upstream commit e96c725cb553027dd1ca7b1c278211b57947b05c

+ 2018.12.05
- Corrected icon asset location, ensuring backwards compatibility</news>
  </extension>
</addon>

<addon id="plugin.video.live.streamspro"
       name="LiveStreamsPro"
       version="2.8.1"
       provider-name="Shani">
  <requires>
    <import addon="xbmc.python" version="2.1.0"/>
    <import addon="script.module.beautifulsoup" version="3.2.1"/>
    <import addon="script.module.simple.downloader" version="0.9.4"/>
    <import addon="script.module.beautifulsoup4" />
    <import addon="script.module.requests" />
    <import addon="script.module.httplib2" />
    <import addon="script.module.liveresolver" version="0.1.24" optional="true"/>
    <import addon="script.module.youtube.dl" optional="true"/>
    <import addon="plugin.video.youtube" optional="true" />
    <import addon="script.module.urlresolver" optional="true"/>
    <import addon="script.module.simplejson" />
     <import addon="script.module.livestreamer" optional="true"/>
     <import addon="script.module.pyamf" optional="true"/>
  </requires>
  <extension point="xbmc.python.pluginsource" library="default.py">
    <provides>video</provides>
  </extension>


  <extension point="xbmc.addon.metadata">
    <summary>livestreamspro- shamelessly forked from livestreams but added many thinks</summary>
    <description>
        In addition to what livestreams allowed you to do, you can now,
        1. call regex in regex,
        2. multiple regex in page, regex in session, also htmlunescape responses
        3. create session from one regex and pass onto next in line
        4. save sessions to a file and open again later
        5. write python code in .py file, put in the profile directory and then call from your regex.
        6. use epoctime, guid and unpack as functions already defined.
        7. Use it to post values to the pages to get the proper responses
        8. support many headers, like origin, X-Requested-With
        9. you can now append cookies in response and then read in regex using includeheaders
        10. You can now link to another web url via your xml using externallink
        11. support for google captcha, now you can show and then post the text

    </description>
    <platform>all</platform>
  </extension>
</addon>

<addon id="script.module.commoncore" name="CommonCore" provider-name="tvaddons" version="1.2.5">
    <requires>
        <import addon="xbmc.python" version="2.1.0" />
        <import addon="script.module.requests" />
        <import addon="script.module.myconnpy" />
    </requires>
    <extension library="lib" point="xbmc.python.module" />
    <extension point="xbmc.addon.metadata">
        <platform>all</platform>
        <summary lang="en">CommonCore</summary>
        <description lang="en">Not your grandmother's math.</description>
        <disclaimer lang="en" />
        <platform>all</platform>
		<license>GNU GENERAL PUBLIC LICENSE. Version 3, 29 June 2007</license>
        <forum>http://tvaddons.co/forums</forum>
        <website>http://www.tvaddons.co/</website>
    </extension>
</addon>

<addon id="script.module.librarypack" name="Library Pack" version="1.0.0" provider-name="tvaddons">
	<requires>
		<import addon="xbmc.python" version="2.24.0" />
		<import addon="script.module.requests" />
		<import addon="script.module.kodi-six" version="0.0.2"/>
		<import addon="script.module.six" version="1.11.0"/>
		<import addon="script.module.pytz" version="2014.2"/>
	</requires>
	<extension point="xbmc.python.module" library="lib" />
	<extension point="xbmc.addon.metadata">
		<platform>all</platform>
		<summary lang="en">Library Pack module for Kodi. Forked from Echo Coder, includes updated js2py library.</summary>
	</extension>
</addon>

<addon id="script.video.F4mProxy"
	     name="F4mProxy"
	     version="2.8.7"
	     provider-name="Shani">
  <requires>
    <import addon="xbmc.python" version="2.1.0" />
    <import addon="script.module.requests" />
  </requires>
  <extension point="xbmc.python.module" library="lib" />
    <extension point="xbmc.python.pluginsource" library="addon.py">
		<provides>executable</provides>
  </extension>



  <extension point="xbmc.addon.metadata">
    <platform>all</platform>
    <summary lang="en">Proxy for f4m</summary>
    <description lang="en">Use this addon to play F4m v1 and v2 streams</description>
  </extension>
</addon>

<addon id="service.streamlink.proxy" name="Streamlink Proxy" version="4.1.2" provider-name="Twilight0">
    <requires>
        <import addon="xbmc.python" version="2.24.0"/>
        <import addon="script.module.streamlink.base" version="2018.06.12"/>
        <!--<import addon="script.module.streamlink.plugins" version="1.0.3"/>-->
    </requires>
    <extension point="xbmc.service" library="resources/lib/service.py" start="login"/>
    <extension point="xbmc.python.pluginsource" library="options.py">
        <provides>executable</provides>
    </extension>
    <extension point="xbmc.addon.metadata">
        <platform>all</platform>
        <language>en de el</language>
        <summary>Streamlink Proxy</summary>
        <description>Streamlink Proxy for Kodi</description>
        <platform>all</platform>
        <license>GPLv3</license>
        <source>https://github.com/Twilight0/service.streamlink.proxy</source>
        <size>172839</size>
        <assets>
            <icon>icon.png</icon>
        </assets>
        <news>+ 4.1.2
- Removed plugins dependency
- Bumped base module dependency to latest</news>
    </extension>
</addon>

<addon id="script.module.urlresolver.xxx" version="1.0.09" name="Adult Resolver SMU Extension" provider-name="jsergio, Echo Coder">
	<requires>
		<import addon="xbmc.python" version="2.1.0"/>
        	<import addon="script.module.urlresolver" version="3.0.38" />
	</requires>
	<extension point="xbmc.python.module" library="lib" />
	<extension point="xbmc.addon.metadata">
		<summary lang="en">Resolve adult video host URL's to be playable in XBMC/Kodi.</summary>
		<description lang="en">Resolve adult video host URL's to be playable in XBMC/Kodi.</description>
		<platform>all</platform>
	</extension>
</addon>

<addon id="script.module.metahandler"
     name="metahandler"
     version="3.0.2"
     provider-name="Eldorado, jsergio">
  <requires>
    <import addon="xbmc.python" version="2.1.0" />
    <import addon="script.module.simplejson" version="3.3.0"/>
    <import addon="script.module.addon.common" version="2.0.0"/>
    <import addon="script.module.myconnpy" version="1.1.6"/>
  </requires>
  <extension point="xbmc.python.module" library="lib" />
  <extension point="xbmc.addon.metadata">
    <summary lang="en">Downloads Artwork for TV shows, Movies and Music videos for addons and stores them in a local SQLITE database</summary>
    <description lang="en">Queries, stores, and returns metadata for TV shows, Movies and Musicvideos. [CR]Sources:[CR]www.thetvdb.com[CR]www.themoviedb.org[CR]www.imdb.com[CR]www.omdbapi.com[CR]This product uses the TMDb API but is not endorsed or certified by TMDb.</description>
    <disclaimer lang="en"></disclaimer>
    <language></language>
    <platform>all</platform>
    <license>GNU GENERAL PUBLIC LICENSE. Version 2, June 1991</license>
    <forum></forum>
    <website></website>
    <email></email>
    <source></source>
  </extension>
</addon>

<addon id="script.module.jsbeautifier" name="jsbeautifier" version="1.8.8" provider-name="jsergio">
    <requires>
        <import addon="xbmc.python" version="2.14.0"/>
        <import addon="script.module.six" version="1.6.1" />
    </requires>
    <extension point="xbmc.python.module" library="lib" />
    <extension point="xbmc.addon.metadata">
        <summary>Written by Einar Lielmanis, maintained and evolved by Liam Newman.</summary>
        <description>Beautify, unpack or deobfuscate JavaScript. Handles popular online obfuscators.</description>
        <platform>all</platform>
        <license>MIT</license>
        <source>https://pypi.org/project/jsbeautifier/</source>
        <website>https://beautifier.io/</website>
    </extension>
</addon>

<addon id="script.module.resolveurl" name="ResolveURL" version="5.0.29" provider-name="jsergio">
	<requires>
		<import addon="xbmc.python" version="2.1.0" />
		<import addon="plugin.video.youtube" optional="true" />
		<import addon="script.module.python.twitch" optional="true" />
		<import addon="script.module.cryptopy" version="1.2.6" optional="true" />
		<import addon="plugin.video.gdrive" optional="true" />
	</requires>
	<extension point="xbmc.python.module" library="lib" />
	<extension point="xbmc.python.pluginsource" library="lib/default.py" />
	<extension point="xbmc.addon.metadata">
		<platform>all</platform>
		<summary lang="en">Resolve common video host URL's to be playable in XBMC/Kodi.</summary>
		<summary lang="es">Resolver enlaces a videos de sitios populares para poder reproducirlos en XBMC/Kodi.</summary>
		<summary lang="hr">Prilagodi najčešće URL-ove video izvora kako bi radili u XBMC/Kodiju.</summary>
		<description lang="en">Resolve common video host URL's to be playable in XBMC/Kodi, simplify addon development of video plugins requiring multi video hosts.</description>
		<description lang="hr">Prilagodi najčešće URL-ove video izvora kako bi radili u XBMC/Kodiju, pojednostavnjuje razvoj priključaka za video dodatke koji zahtjevaju višestruke video izvore.</description>
	</extension>
</addon>

<addon id="script.module.streamlink.plugins" name="Streamlink Plugins" version="1.0.3" provider-name="Twilight0">
  <requires>
    <import addon="xbmc.python" version="2.1.0"/>
    <import addon="script.module.requests" version="2.12.4"/>
  </requires>
  <extension point="xbmc.service"/>
  <extension point="xbmc.addon.metadata">
    <summary>Streamlink Plugins</summary>
    <description>Copy your custom streamlink plugins in this Kodi plugin.</description>
    <platform>all</platform>
    <license>GNU GPL, version 2</license>
    <source>https://github.com/Twilight0/script.module.streamlink.plugins</source>
    <!--<website></website>-->
    <!--<language></language>-->
  </extension>
</addon>

<addon id="script.module.resolveurl.xxx" version="2.0.03" name="Adult Resolver SMR Extension" provider-name="jsergio, Echo Coder">
	<requires>
		<import addon="xbmc.python" version="2.1.0"/>
        <import addon="script.module.resolveurl" version="5.0.00" />
	</requires>
	<extension point="xbmc.python.module" library="lib" />
	<extension point="xbmc.addon.metadata">
		<summary lang="en">Resolve adult video host URL's to be playable in XBMC/Kodi.</summary>
		<description lang="en">Resolve adult video host URL's to be playable in XBMC/Kodi.</description>
		<platform>all</platform>
	</extension>
</addon>

<addon id="script.module.m7lib" name="m7lib" provider-name="mhancoc7" version="0.7.0">
    <requires>
        <import addon="xbmc.python" version="2.20.0" />
        <import addon="plugin.video.youtube" version="5.5.1" />
    </requires>
    <extension library="lib" point="xbmc.python.module" />
    <extension point="xbmc.addon.metadata">
        <description lan="en">mhancoc7 Common Functions</description>
        <summary lang="en">mhancoc7 Common Functions</summary>
        <platform>all</platform>
    </extension>
</addon>

<addon id="repository.tva.common" name="TVADDONS.CO Resolvers Repository" version="2.0.0" provider-name="tvaddons">
    <extension point="xbmc.addon.repository" name="TVADDONS.CO Resolvers Repository">
        <info compressed="false">https://github.com/tvaddonsco/tva-resolvers-repo/raw/master/addons.xml</info>
        <checksum>https://github.com/tvaddonsco/tva-resolvers-repo/raw/master/addons.xml.md5</checksum>
        <datadir zip="true">https://github.com/tvaddonsco/tva-resolvers-repo/raw/master/zips/</datadir>
    </extension>
    <extension point="xbmc.addon.metadata">
        <summary>Unofficial Resolvers for the Kodi Media Center</summary>
        <description>Unofficial Resolvers for the Kodi Media Center. Please visit www.tvaddons.co for support!</description>
        <platform>all</platform>
    </extension>
</addon>

<addon id="script.module.liveresolver"
     name="LiveResolver"
     version="0.1.49"
     provider-name="natko1412">
  <requires>
    <import addon="xbmc.python" version="2.1.0" />
    <import addon="script.module.beautifulsoup" version="3.2.1"/>
    <import addon="script.module.requests"/>
    <import addon="script.module.addon.common" version="2.0.0" />

  </requires>
  <extension point="xbmc.python.module" library="lib" />
  <extension point="xbmc.addon.metadata">
    <platform>all</platform>
    <summary lang="en">Resolve common live video host URL's to be playable in XBMC/Kodi + find links embeded in sites.</summary>
    <description lang="en"></description>
  </extension>
</addon>

<addon id="script.module.echo" name="Echo Libraries" version="1.00.003" provider-name="Echo Coder">
	<requires>
		<import addon="xbmc.python" version="2.1.0" />
		<import addon="script.module.requests" />
	</requires>
	<extension point="xbmc.python.module" library="lib" />
	<extension point="xbmc.addon.metadata">
		<platform>all</platform>
		<summary lang="en">Forked from TK Norris Shared Module. Reusable Modules used by several of Echo's addons</summary>
	</extension>
</addon>

<addon id="script.module.pydes"
       name="pyDes"
       version="2.0.1"
       provider-name="Todd Whiteman">
  <requires>
    <import addon="xbmc.python" version="2.1.0"/>
  </requires>
  <extension point="xbmc.python.module"
             library="lib" />
  <extension point="xbmc.addon.metadata">
    <summary lang="en">A pure python module which implements the DES and Triple-DES encryption algorithms.</summary>
    <website>http://twhiteman.netfirms.com/des.html</website>
    <license>Public Domain</license>
    <platform>all</platform>
    <source>http://sourceforge.net/projects/pydes/</source>
  </extension>
</addon>

<addon id="plugin.video.f4mTester" version="2.7.1" name="f4mTester" provider-name="Shani">
    <requires>
        <import addon="xbmc.python" version="2.1.0"/>
        <import addon="script.video.F4mProxy" version="2.7.1"/>
    </requires>
    <extension point="xbmc.python.pluginsource" library="default.py">
        <provides>video</provides>
    </extension>


    <extension point="xbmc.addon.metadata">
        <summary>f4mTester</summary>
        <description></description>
        <platform>all</platform>
    </extension>
</addon>

<addon id="script.module.streamlink.crypto" name="Streamlink Crypto" version="1.5.2" provider-name="Twilight0">
  <requires>
    <import addon="xbmc.python" version="2.14.0"/>
  </requires>
  <extension point="xbmc.python.module" library="lib" />
  <extension point="xbmc.addon.metadata">
    <summary>Pure Python implementation of the cryptographic libraries required by Streamlink</summary>
    <source>https://github.com/Twilight0/script.module.streamlink.crypto</source>
    <platform>all</platform>
    <license>MIT</license>
  </extension>
</addon>

<addon id="script.module.tulip" name="Tulip Routine Libraries" version="2.3.5" provider-name="Twilight0">
    <requires>
        <import addon="xbmc.python" version="2.24.0"/>
        <import addon="script.module.kodi-six" version="0.0.2"/>
    </requires>
    <extension point="xbmc.python.module" library="lib" />
    <extension point="xbmc.addon.metadata">
        <summary lang="en">Tulip Helper libraries</summary>
        <description lang="en">Tulip Routine Libraries combines the best elements from Lambda's "lamlib" and tknorris's shared modules. Also includes various enhancements, newer and improved functions and Python 3 compatibility, though the latter is largely untested.</description>
        <platform>all</platform>
        <license>GNU GENERAL PUBLIC LICENSE. Version 3, 29 June 2007</license>
        <source>https://github.com/Twilight0/script.module.tulip</source>
        <news>[B]2.3.X[/B]
- Add function (directory) can now set plugin category for skins to display
- Changed all "BaseException" into "Exception"
- Replaced builtin eval with ast.literaleval which is more secure
- Added the fuzzywuzzy library for fuzzy string matching
- Moved all user agent related functions and strings into new user_agent module
- Added datetime keys for youtube videos
- Various other tweaks

[B]2.2.X[/B]
- Reincluded url_dispatcher module for addons that may use it in the future
- New reload skin function
- Log exception on client function upon failure
- xbmc.Playlist is now callable via lambda function. Mode 1 for video (default), Mode 0 for audio
- Add function in directory module now accepts streaminfo data (as dictionary)
- Add function can also form a playlist instead of directory only
- Add function can show background progress when loading items
- Added StringIO in compat module
- Plugin url optimization with join string method on directory module
- m3u_maker renamed to playlist_maker
- Added tvg-logo parameter into playlist_maker</news>
    </extension>
</addon>

<addon id="script.module.urlresolver" name="URLResolver" version="5.0.35" provider-name="tvaddons">
	<requires>
		<import addon="xbmc.python" version="2.1.0" />
		<import addon="plugin.video.youtube" optional="true" />
		<import addon="script.module.python.twitch" optional="true" />
		<import addon="script.module.cryptopy" version="1.2.6" optional="true" />
		<import addon="plugin.video.gdrive" optional="true" />
	</requires>
	<extension point="xbmc.python.module" library="lib" />
	<extension point="xbmc.python.pluginsource" library="lib/default.py" />
	<extension point="xbmc.addon.metadata">
		<platform>all</platform>
		<summary lang="en">Resolve common video host URL's to be playable in XBMC/Kodi.</summary>
		<summary lang="es">Resolver enlaces a videos de sitios populares para poder reproducirlos en XBMC/Kodi.</summary>
		<summary lang="hr">Prilagodi najčešće URL-ove video izvora kako bi radili u XBMC/Kodiju.</summary>
		<description lang="en">Resolve common video host URL's to be playable in XBMC/Kodi, simplify addon development of video plugins requiring multi video hosts.</description>
		<description lang="hr">Prilagodi najčešće URL-ove video izvora kako bi radili u XBMC/Kodiju, pojednostavnjuje razvoj priključaka za video dodatke koji zahtjevaju višestruke video izvore.</description>
		<forum>https://www.tvaddons.co/forums</forum>
        <website>https://www.tvaddons.co</website>
	</extension>
</addon>
</addons>
